<appengine-web-app xmlns="http://appengine.google.com/ns/1.0">
    <application>iui-js</application>
    <version>22</version>
    <precompilation-enabled>true</precompilation-enabled>
    
    <static-files>
        <include path="/**.gif" expiration="1d" />
        <include path="/**.jpg" expiration="1d" />
        <include path="/**.png" expiration="1d" />
        <include path="/**.ico" expiration="1d" />
        <include path="/**.js" />
        <include path="/**.css"/>
        <include path="**.html"/>
        <include path="/**.frag"/>
        <include path="/**.manifest"/>
        <exclude path="/**.gtpl" />
    </static-files>
 
<!--
    <system-properties>
        <property name="java.util.logging.config.file" value="WEB-INF/logging.properties"/>
    </system-properties>
 -->

</appengine-web-app>
